{
"type": "FeatureCollection",
"crs": { "type": "name", "properties": { "name": "urn:ogc:def:crs:OGC:1.3:CRS84" } },
                                                                                
"features": [
{ "type": "Feature", "properties": { "osm_id": 702385889, "ad_street": null, "addr_numbr": null, "amenity": "bar", "name": "L embuscade", "brand": null, "operator": null, "ref": null, "wheelchair": null, "internet_access": null, "opening_hours": null, "drive_through": null, "building": null, "cuisine": null, "capacity": null, "tourism": null, "osm_user": "", "osm_modif": null, "tags": "", "metro_id": 1 }, "geometry": { "type": "Point", "coordinates": [ 3.708865025634871, 43.550375084904218 ] } },
{ "type": "Feature", "properties": { "osm_id": 2147483647, "ad_street": "Plan de la Bibliothèque", "addr_numbr": "3", "amenity": "fast_food", "name": "Chic Pizza", "brand": null, "operator": null, "ref": null, "wheelchair": null, "internet_access": null, "opening_hours": null, "drive_through": null, "building": null, "cuisine": "pizza", "capacity": null, "tourism": null, "osm_user": "", "osm_modif": null, "tags": "\"addr:postcode\"=>\"34660\"", "metro_id": 2 }, "geometry": { "type": "Point", "coordinates": [ 3.718762225215328, 43.557814919839188 ] } },
{ "type": "Feature", "properties": { "osm_id": 2147483647, "ad_street": "Rue Léon Blum", "addr_numbr": "33", "amenity": "fast_food", "name": "Pizz'a Gogo", "brand": null, "operator": null, "ref": null, "wheelchair": null, "internet_access": null, "opening_hours": null, "drive_through": null, "building": null, "cuisine": null, "capacity": null, "tourism": null, "osm_user": "", "osm_modif": null, "tags": "\"addr:postcode\"=>\"34660\", \"contact:phone\"=>\"+33 4 67 27 70 42\"", "metro_id": 3 }, "geometry": { "type": "Point", "coordinates": [ 3.720699932426701, 43.556666919375068 ] } },
{ "type": "Feature", "properties": { "osm_id": 2147483647, "ad_street": null, "addr_numbr": null, "amenity": "bar", "name": "Coyé Plaisir", "brand": null, "operator": null, "ref": null, "wheelchair": null, "internet_access": null, "opening_hours": null, "drive_through": null, "building": null, "cuisine": null, "capacity": null, "tourism": null, "osm_user": "", "osm_modif": null, "tags": "", "metro_id": 4 }, "geometry": { "type": "Point", "coordinates": [ 3.736805715792758, 43.605475061466691 ] } },
{ "type": "Feature", "properties": { "osm_id": 2147483647, "ad_street": null, "addr_numbr": null, "amenity": "restaurant", "name": "Pizza Mario", "brand": null, "operator": null, "ref": null, "wheelchair": null, "internet_access": null, "opening_hours": null, "drive_through": null, "building": null, "cuisine": "pizza", "capacity": null, "tourism": null, "osm_user": "", "osm_modif": null, "tags": "", "metro_id": 5 }, "geometry": { "type": "Point", "coordinates": [ 3.763083484826347, 43.582574597739864 ] } },
{ "type": "Feature", "properties": { "osm_id": 2147483647, "ad_street": null, "addr_numbr": null, "amenity": "restaurant", "name": "Le Parc", "brand": null, "operator": null, "ref": null, "wheelchair": null, "internet_access": null, "opening_hours": null, "drive_through": null, "building": null, "cuisine": null, "capacity": null, "tourism": null, "osm_user": "", "osm_modif": null, "tags": "", "metro_id": 6 }, "geometry": { "type": "Point", "coordinates": [ 3.763229627338037, 43.58198519510649 ] } },
{ "type": "Feature", "properties": { "osm_id": 2147483647, "ad_street": null, "addr_numbr": null, "amenity": "fast_food", "name": "Pizza Fiesta", "brand": null, "operator": null, "ref": null, "wheelchair": "yes", "internet_access": null, "opening_hours": null, "drive_through": null, "building": null, "cuisine": "pizza", "capacity": null, "tourism": null, "osm_user": "", "osm_modif": null, "tags": "", "metro_id": 7 }, "geometry": { "type": "Point", "coordinates": [ 3.772802256241321, 43.572616081342247 ] } },
{ "type": "Feature", "properties": { "osm_id": 2147483647, "ad_street": null, "addr_numbr": null, "amenity": "fast_food", "name": "Le Castellas", "brand": null, "operator": null, "ref": null, "wheelchair": null, "internet_access": null, "opening_hours": null, "drive_through": "no", "building": null, "cuisine": "burger;kebab", "capacity": null, "tourism": null, "osm_user": "", "osm_modif": null, "tags": "\"delivery\"=>\"yes\", \"takeaway\"=>\"yes\"", "metro_id": 8 }, "geometry": { "type": "Point", "coordinates": [ 3.776559817944417, 43.552136381568161 ] } },
{ "type": "Feature", "properties": { "osm_id": 2147483647, "ad_street": null, "addr_numbr": null, "amenity": "restaurant", "name": "Brasserie Le XV", "brand": null, "operator": null, "ref": null, "wheelchair": null, "internet_access": null, "opening_hours": null, "drive_through": null, "building": null, "cuisine": null, "capacity": null, "tourism": null, "osm_user": "", "osm_modif": null, "tags": "", "metro_id": 9 }, "geometry": { "type": "Point", "coordinates": [ 3.776585934045546, 43.551899463347695 ] } },
{ "type": "Feature", "properties": { "osm_id": 2147483647, "ad_street": null, "addr_numbr": null, "amenity": "restaurant", "name": "Fabrègaüda", "brand": null, "operator": null, "ref": null, "wheelchair": null, "internet_access": null, "opening_hours": null, "drive_through": null, "building": null, "cuisine": null, "capacity": null, "tourism": null, "osm_user": "", "osm_modif": null, "tags": "\"contact:phone\"=>\"+33467852155\"", "metro_id": 10 }, "geometry": { "type": "Point", "coordinates": [ 3.77765443722869, 43.547770210670663 ] } },
{ "type": "Feature", "properties": { "osm_id": 2147483647, "ad_street": null, "addr_numbr": null, "amenity": "fast_food", "name": null, "brand": null, "operator": "Burger & Pizz'", "ref": null, "wheelchair": null, "internet_access": null, "opening_hours": null, "drive_through": null, "building": null, "cuisine": "burger", "capacity": null, "tourism": null, "osm_user": "", "osm_modif": null, "tags": "\"takeaway\"=>\"yes\"", "metro_id": 11 }, "geometry": { "type": "Point", "coordinates": [ 3.77844913603536, 43.547562515399747 ] } },
    { "type": "Feature", "properties": { "osm_id": 2147483647, "ad_street": null, "addr_numbr": null, "amenity": "bar", "name": "Le 113", "brand": null, "operator": null, "ref": null, "wheelchair": null, "internet_access": null, "opening_hours": null, "drive_through": null, "building": null, "cuisine": null, "capacity": null, "tourism": null, "osm_user": "", "osm_modif": null, "tags": "", "metro_id": 12 }, "geometry": { "type": "Point", "coordinates": [ 3.778828540237116, 43.548256399807045 ] } },
{ "type": "Feature", "properties": { "osm_id": 2147483647, "ad_street": null, "addr_numbr": null, "amenity": "fast_food", "name": "AgroForum", "brand": null, "operator": null, "ref": null, "wheelchair": null, "internet_access": null, "opening_hours": null, "drive_through": null, "building": null, "cuisine": "sandwich;snack;salad", "capacity": null, "tourism": null, "osm_user": "", "osm_modif": null, "tags": "", "metro_id": 80 }, "geometry": { "type": "Point", "coordinates": [ 3.856128991587557, 43.618766359253463 ] } },
    { "type": "Feature", "properties": { "osm_id": 2147483647, "ad_street": null, "addr_numbr": null, "amenity": "restaurant", "name": "La Marmite", "brand": null, "operator": null, "ref": null, "wheelchair": null, "internet_access": null, "opening_hours": null, "drive_through": null, "building": null, "cuisine": null, "capacity": null, "tourism": null, "osm_user": "", "osm_modif": null, "tags": "", "metro_id": 81 }, "geometry": { "type": "Point", "coordinates": [ 3.856205031024025, 43.618881928085607 ] } },
{ "type": "Feature", "properties": { "osm_id": 2147483647, "ad_street": null, "addr_numbr": null, "amenity": "fast_food", "name": "King Food'z", "brand": null, "operator": null, "ref": null, "wheelchair": "no", "internet_access": null, "opening_hours": null, "drive_through": null, "building": null, "cuisine": null, "capacity": null, "tourism": null, "osm_user": "", "osm_modif": null, "tags": "\"wheelchair:step_height\"=>\"20\", \"wheelchair:entrance_width\"=>\"82\"", "metro_id": 115 }, "geometry": { "type": "Point", "coordinates": [ 3.865878838701568, 43.6069605201778 ] } },
{ "type": "Feature", "properties": { "osm_id": 2147483647, "ad_street": null, "addr_numbr": null, "amenity": "bar", "name": "Chez Eno", "brand": null, "operator": null, "ref": null, "wheelchair": "no", "internet_access": null, "opening_hours": null, "drive_through": null, "building": null, "cuisine": null, "capacity": null, "tourism": null, "osm_user": "", "osm_modif": null, "tags": "\"wheelchair:step_height\"=>\"8\", \"wheelchair:entrance_width\"=>\"92\"", "metro_id": 116 }, "geometry": { "type": "Point", "coordinates": [ 3.865927064158781, 43.606849277787404 ] } },
{ "type": "Feature", "properties": { "osm_id": 899034019, "ad_street": "Avenue du Professeur Grasset", "addr_numbr": "49", "amenity": "restaurant", "name": "100 sushis", "brand": null, "operator": null, "ref": null, "wheelchair": "no", "internet_access": null, "opening_hours": "Mo-Fr 11:30-14:30, 18:00-22:00;Su 18:00-22:00", "drive_through": null, "building": null, "cuisine": "asian", "capacity": null, "tourism": null, "osm_user": "", "osm_modif": null, "tags": "\"delivery\"=>\"yes\", \"facebook\"=>\"https:\/\/fr-fr.facebook.com\/100sushis\/\", \"takeaway\"=>\"yes\", \"start_date\"=>\"2015\", \"addr:country\"=>\"FR\", \"contact:addr\"=>\"49 avenue du professeur Grasset Montpellier\", \"addr:postcode\"=>\"34090\", \"wheelchair:step_height\"=>\"20\", \"wheelchair:entrance_width\"=>\"90\"", "metro_id": 117 }, "geometry": { "type": "Point", "coordinates": [ 3.86628313081576, 43.626224959361316 ] } }]}
